{
  "downsample_points": 120000,
  "full_h5ad": "/home/Data_Drive_8TB/chs1151/SPIX_0426/figure_reproduction_spix_api_0622/intermediates/visiumhd_p2_crc_2um/full/visiumhd_p2_crc_2um.full.spix_api_intermediate.h5ad",
  "full_shape": [
    8731400,
    18085
  ],
  "roi_bbox": {
    "x_max": 58684.44875046963,
    "x_min": 50450.81371007567,
    "y_max": 17423.144828280765,
    "y_min": 9188.627867847932
  },
  "roi_h5ad": "data/visiumhd_colon_crc_p2_2um_roi_1000000x2515.h5ad",
  "roi_shape": [
    1000000,
    2515
  ],
  "seed": 7
}
